,model,r2,mse,rmse
0,random forest,0.842092503916039,0.002256570272085195,0.04735984931068941
0,lgbm,0.8342866270308609,0.0023750900612526113,0.04834277674249376
0,xgboost,0.820134356988676,0.0025867078969845467,0.049743063796408936
